,thickness,resistivity
0,10.0,39.810717055349734
1,20.0,10.0
2,15.0,19.952623149688797
