,thickness,resistivity
0,4.0,30.19951720402016
1,18.0,199.52623149688787
2,20.0,15.13561248436208
